{
  "intrasentence": {
    "gender": {
      "Count": 765.0,
      "LM Score": 45.68429501255588,
      "SS Score": 48.19315965837705,
      "ICAT Score": 44.033410468410075
    },
    "profession": {
      "Count": 2430.0,
      "LM Score": 48.57461938870358,
      "SS Score": 49.17178900727468,
      "ICAT Score": 47.77001871380013
    },
    "race": {
      "Count": 2886.0,
      "LM Score": 43.54779911577554,
      "SS Score": 47.95393846245974,
      "ICAT Score": 41.76576957946918
    },
    "religion": {
      "Count": 237.0,
      "LM Score": 35.49425287356322,
      "SS Score": 43.49425287356322,
      "ICAT Score": 30.875920200819134
    },
    "overall": {
      "Count": 2106.0,
      "LM Score": 45.421329855383235,
      "SS Score": 48.27733936799052,
      "ICAT Score": 43.856419119475525
    }
  },
  "intersentence": {
    "gender": {
      "Count": 726.0,
      "LM Score": 60.72081099255013,
      "SS Score": 57.29238555325512,
      "ICAT Score": 51.86481969526998
    },
    "profession": {
      "Count": 2481.0,
      "LM Score": 61.051362393974564,
      "SS Score": 48.38417892891382,
      "ICAT Score": 59.07840083848051
    },
    "race": {
      "Count": 2928.0,
      "LM Score": 51.266667884738894,
      "SS Score": 54.482178193755864,
      "ICAT Score": 46.67094106754888
    },
    "religion": {
      "Count": 234.0,
      "LM Score": 60.13409961685824,
      "SS Score": 58.91187739463601,
      "ICAT Score": 49.41594515641286
    },
    "overall": {
      "Count": 2123.0,
      "LM Score": 56.51583954994826,
      "SS Score": 52.69042114631754,
      "ICAT Score": 53.474811353406864
    }
  },
  "overall": {
    "Count": 4229.0,
    "LM Score": 50.98098619397456,
    "SS Score": 50.346803826940764,
    "ICAT Score": 50.62737817170886
  }
}