{
  "intrasentence": {
    "gender": {
      "Count": 765.0,
      "LM Score": 49.97404334795639,
      "SS Score": 47.156928417797985,
      "ICAT Score": 47.13244769815026
    },
    "profession": {
      "Count": 2430.0,
      "LM Score": 51.77103330219434,
      "SS Score": 52.942040823464225,
      "ICAT Score": 48.724783433234705
    },
    "race": {
      "Count": 2886.0,
      "LM Score": 46.58821221675782,
      "SS Score": 46.70861108122316,
      "ICAT Score": 43.52141370804061
    },
    "religion": {
      "Count": 237.0,
      "LM Score": 43.60919540229886,
      "SS Score": 48.87356321839081,
      "ICAT Score": 42.62673536794822
    },
    "overall": {
      "Count": 2106.0,
      "LM Score": 48.871831120956614,
      "SS Score": 49.214698702039406,
      "ICAT Score": 48.10424887269665
    }
  },
  "intersentence": {
    "gender": {
      "Count": 726.0,
      "LM Score": 40.653843941887416,
      "SS Score": 52.25086708782361,
      "ICAT Score": 38.82371595544119
    },
    "profession": {
      "Count": 2481.0,
      "LM Score": 39.4709080030641,
      "SS Score": 50.682484196889085,
      "ICAT Score": 38.93214258408502
    },
    "race": {
      "Count": 2928.0,
      "LM Score": 41.066436124733926,
      "SS Score": 53.08886901285863,
      "ICAT Score": 38.529459284449345
    },
    "religion": {
      "Count": 234.0,
      "LM Score": 40.4367816091954,
      "SS Score": 63.151340996168585,
      "ICAT Score": 29.80082353459285
    },
    "overall": {
      "Count": 2123.0,
      "LM Score": 40.38440158011145,
      "SS Score": 52.451094990333225,
      "ICAT Score": 38.40468149209912
    }
  },
  "overall": {
    "Count": 4229.0,
    "LM Score": 44.610068574105014,
    "SS Score": 50.848354889470265,
    "ICAT Score": 43.853165178216095
  }
}